iter	MultiClass
0	2.294023457
1	2.284279472
2	2.276252911
3	2.267773505
4	2.258721646
